{
  "project_info": {
    "project_number": "912386604572",
    "project_id": "gddrs-ac8c6",
    "storage_bucket": "gddrs-ac8c6.appspot.com"
  },
  "client": [
    {
      "client_info": {
        "mobilesdk_app_id": "1:912386604572:android:65f50771374c696ba9a9d9",
        "android_client_info": {
          "package_name": "com.example.gddrs_jhonatan"
        }
      },
      "oauth_client": [],
      "api_key": [
        {
          "current_key": "AIzaSyCBSLuyJkQD6yNaPeeVlc6P3uPOKNQuLLw"
        }
      ],
      "services": {
        "appinvite_service": {
          "other_platform_oauth_client": []
        }
      }
    }
  ],
  "configuration_version": "1"
}